,text,target
4540,Cuban doctors treat Mexico’s earthquake victims,0.0
375,Twelve feared killed in Pakistani air ambulance helicopter crash    #  worldnews,0.0
4450,A  # pacena on her quest to help Mexico CIty and the earthquake victims including dogs / pets .  Please help  &  share ! ,0.0
3779,Big surprise from the party that has been using the word tsunami as a positive thing for years,0.0
2485,"I just heard about the tsunami alert in New Zealand .  Stay safe, fellow Kiwis . ",0.0
965,Donate  # PrayersForItaly  # TerremotoItalia  # ItalyEarthquake,0.0
1741,PM not ruled out creating Minister to oversee quake recovery .  Told  @ CheckpointRNZ damage so significant cant be left to locals  # eqnz,3.0
253,Can wait to see how pissed Donnie is when I tell him I was in ANOTHER accident  ?    ?  ,0.0
2431,"If you have any pet food that you would be willing to spare, please drop it off to our Animal Centre at 14 Wilmers Road .   # ttrtpt  # eqnz",0.0
1123,RT  @ CCabelloInfo :  We are praying for you ❤ ἞E἟9  # PrayForItaly  @ FifthHarmonyITA  @ 5HItalia  @ CamilaCItalia  @ LaurenJItalia  @ NormaniKHIta️,0.0
1898,Earthquakes  &  Tsunami warnings East Coast NZ Some evacuations due to Tsunami danger Britomart station evacuated,3.0
5178," @ BBC  @ ABC  @ CNN please, if you do a coverage of Mexicos earthquake, dont forget to mention people outside Mexico can donate too",0.0
4214,"RT  @ NazranaYusufzai :  Scary pics  # earthquake 19 dead, more than 300 wounded . ",3.0
2037,RT  @ maryteatowel :   # NZ military on the move to get supplies to stranded settlements  &  bring people out  # eqnz,0.0
4742,"RT  @ mashable :  Instead of feeling hopeless in the face of the destruction, heres how you can help Mexicos earthquake victims . ",0.0
3231,Stay safe everyone .  . ὤFὤFὤFὤFὤF More prayersὤFὤFὤF  # earthquake,0.0
918,247 dead RIP Ὁ4  # terremoto  # TerremotoItalia  # ItalyEarthquake  # earthquake  # PrayForItaly  # PrayersForItaly,3.0
5127,"RT  @ SaintPaulsLA :  We  # pray for the people who were killed in the earthquake in  # Mexico .  We pray, too, for their loved ones, the injured and",0.0
1930,Two people have died and buildings have been destroyed after two earthquakes hit New Zealands South Island   # eqnz,3.0
2977,RT  @ DavidLogan2020 :  New Zealand issues tsunami alert after strong quake,3.0
1733,Our thoughts go out to all those affected by the New Zealand earthquake overnight .  Important advice : ,0.0
3179,RT  @ Muntahagondal13 :   # Earthquake Plz everyone recite Surah ZilzalὤF May Allah keep everyone safeᾓ2ἿB,0.0
3098,Natural disasters do not ask before they knock your doors .  Today 5 . 8 magnitude earthquake hit our grounds but sehat karwan is trying to reach the affected areas .  We will provide free medical and rehab facilities to the affected people and will address the casualties .   # EarthQuake,0.0
2379,RT  @ MarlEmergency :   # Kaikoura Earthquake Relief Fund  -  donations can be made to is BNZ 02 0856 0011698 083 :    # eqnz,0.0
108, @  pwniR3birth   @  pabloknight10   @  chef___DU Are you looking for a soft yolk or hard yolk  ?   If looking for a Japanese styl…,0.0
2601,"RT  @ NWS_NTWC :  Tsunami Info Stmt 4 :  M7 . 9 near South Island, New Zealand 0303PST Nov 13 :  Tsunami NOT expected ;  CA,OR,WA,BC,and AK  # NTWC",3.0
1928,"Strong aftershocks keep happening, including a strong 4 . 8 magnitude shake 10km north of Wellington  # eqnz",3.0
5666,RT  @ ITU :   .  @ ITU emergency communications team being deployed to  # EcuadorEarthquake to strengthen response efforts of Govn  +  aid teams on the,0.0
4323, # hot  -  Pray For Mexico  -  Billie Jean King  -  Brian Boyle  -  fentanyl  -  Mexico City Earthquake  -  Mexico  -  America S Got,0.0
558,Mourning notices for stabbing arson victims stir politics of grief in Israel ,0.0
4866,Lets help Mexicos schools get back on their feet after the earthquake !  Collaborate and lets say together  # FuerzaMexico ὊA἞8἟1἟2἟D,0.0
1478, @ MelissaPonzio1 can you send a prayer for Italian victims  ?  ὡ4἞E἟9  # earthquake  # PrayForItaly,0.0
6351,RT  @ IndyUSA :  Ecuador authorities are still looking for earthquake survivors,0.0
6247,RT  @ Hayley_Barlow :  Death toll in Ecuador has risen to 350 .  Drone footage shows aftermath of the 7 . 8 magnitude earthquake,3.0
2057,RT  @ radionz :  BREAKING :  A tsunami warning for all southern coastal areas of NZ has been issued by the the Ministry of Civil Defence .   # eqnz,3.0
2212,"BREAKING :  In New Zealand, Two people confirmed dead due to ANOTHER Christchurch Earthquake .  Tsunamis are possible . ",3.0
2030,RT  @ johnmcinneshall :  Aftershocks are the perfect excuse to take a nap under your desk .   # eqnz  # barfquake,0.0
208,INEC Office in Abia Set Ablaze   -   ,0.0
371,HAPPENING NOW   -   HATZOLAH EMS AMBULANCE RESPONDING WITH DUAL SIRENS AND ,0.0
5129,Amigos !  Im selling some homemade prints to collect a little  $  $  for  @ topos  &  help Mexicos earthquake victims !   Info,0.0
2411," @ skye_rtin Im a 2011 chch eqnz refugee, so yeah .  Its just so tiring",0.0
4127,"I cn feel d pain of d ppl of  # Mirpur and other areas being effected by todays earthquake .  People of  # AJK, # Pakistan plz hlp d victims in this situation .  I hv suffered and seen the miseries of such catastrophe in 2005 .  May Allah bless us all with mercy .   # earthquake  @ farooq_pm",0.0
6516,"RT  @ CanadaFP :  Canadian consular officials are now in Manta,  # Ecuador, to locate and provide assistance to affected Canadians",0.0
1066,Send a message at 45500 and you will give 2 euros for the italian victims SHARE !  !   # ItalyEarthquake  # PrayForItaly,0.0
4684,With a unit of Mexicos army that participated in rescue operations during the earthquake . ,0.0
878, @ DoveCameron please Dove !  Im so sad My country needs help BC of the  # ItalyEarthquake text to the number 45500 to donate !  WE NEED YOUR HELP☆,0.0
468,RT  :   Geek_Apocalypse  :   4pm GMT   :  Hesse plays dark souls 2 day 9  :       #  etcPB,0.0
1522,"RT  @ crocerossa :   # ItalyEarthquake, heres how you can donate outside Italy : ",0.0
2278,RT  @ PetoneBeach :  Significant damage in Wellington CBD .  Central streets being evacuated  # eqnz Recommend you listen to  @ radionz,3.0
182,Haha South Tampa is getting flooded hah  -   WAIT A SECOND I LIVE IN SOUTH TAMPA WHAT AM I GONNA DO WHAT AM I GONNA DO FVCK   #  flooding,0.0
386,Be annihilated for status education mba on behalf of a on easy street careen  :   eOvm ,0.0
3696,RT  @ flexbangtan :  There was a pretty big earthquake here in pakistan and I didn’t even feel it .  I hope everyone is safe ὉEᾗA  # earthquake,0.0
5359,"Pray For Mexico :   @ Beyonce,  @ NICKIMINAJ,  @ selenagomez  &  other celebs react to Mexico City earthquake",0.0
940,Vatican spokesman says  # PopeFrancis sent six Vatican police officers to Amatrice to assist with rescue / relief efforts  # ItalyEarthquake,0.0
3540,Severe  # earthquake in Punjab .  Heavy loss has been reported till now .  May Allah protect us .  Ameen ! ,0.0
2232,Beautiful calm day in Cambridge .  Thoughts are wish those suffering today in South Island .   # eqnz,0.0
1370,RT  @ US__Marshall :  My deepest condolences to the family of victims of  # ItalyEarthquake ἞E἟9,0.0
6604,From Ecuadors president this am :  Official death toll 233 .  Tarqui in Manta very affected .  Pedernales destroyed . ,3.0
1094,UPDATE :  death toll rises to 120 in 6 . 2 magnitude  # ItalyEarthquake,3.0
2396,"Thinking of our friends around Kaikoura and other Earthquake affected areas .  Stay strong, New Zealand !  love",0.0
3679,"5 . 8 Magnitude earthquake hits  # Pakistan - administered  # Kashmir, with witnesses saying at least 50 people have been injured",3.0
4339,RT  @ JohnnyGWeir :  Praying for Mexico and all those affected by another horrible earthquake .  Be strong and stay safe !  ❤️἟2἟DὖFSé fuerte ! ,0.0
5296,"RT  @ Breathe4Mendes :  Apparently, fans spotted Shawn buying food and water for those affected by the earthquake in Mexico !  We stan an absolut",0.0
1864,"OMG thoughts are with people in Kaikoura  # eqnz .  This isnt my normal  # CodeLikeAGirl feed, but I am married to a kiwi so hits close to home",0.0
4103,My Thoughts and Prayers for everyone affected by this terrible Earthquake today in Pakistan and Kashmir  -  So - Star 5 . 8 magnitude  # earthquake jolts several parts of Pakistan  # Pakistan  # Kashmir,0.0
5708,RT  @ BBCWorld :  Ecuador quake death toll hits 413,3.0
2451,RT  @ WSJ :  Tsunami warning issued after New Zealand rocked by strong earthquake  ὑ3,3.0
456,And so it begins  .    .   day one of the snow apocalypse,0.0
4295,RT  @ ayeshacurry :   @ Donald Trump ὤ4Okay Donate to earthquake relief here !  !  ! ,0.0
953,"RT  @ fentyselenas :   # PrayForItaly I hope everyone stays safe after the earthquake, all the love and prayers to you all !  ὡ4ὤFἿDὉB",0.0
1588," # PrayForItaly even tho i dont live there anymore, it broke my heart seeing the pics after the earthquake and reading about the deaths ὤFἿB",0.0
4788,Topos is helping rescue people from the collapsed buildings in Mexico due to earthquake .  Here is the info if you can donate !  ! ,0.0
1195,"RT  @ BaselAbuwarda :  My beloved  # Italy i know the feeling of devastating, loss &  being under the rubble BE STONG as ALWAYS i  # Prayforitaly htt",0.0
5768,"RT  @ EdnaSchmidt :  Im in Ecuador right now, Begging 4 help in Canoa, pacific coast .  There is no way to get there by road .  People r in desper",0.0
504,Sadly How Windows 10 Reveals Microsoft  '  s Ethics Armageddon ,0.0
4665,RT  @ GigiGraciette :  In Mexico City alone 180 people have died in the  # MexicoEarthquake including 28 children .  Ὁ4 @ foxla,3.0
20,"Fugitive  '  s arrest like a   '  quake,  '   but Mafia very resilient ",0.0
5244,Families await news of their loved ones as rescue workers search for survivors of the devastating Mexico earthquake,0.0
846,Hi there !   @ tomnod are you available for a call regarding earthquake in Ecuador ?  Were putting together a group for mapping affected areas . ,0.0
4289,Meet the  # volunteers helping after  # Mexico’s  # earthquake : ,0.0
4319,I liked a  @ YouTube video  Mexico hit by another deadly earthquake,3.0
3224,RT  @ SyedaHijab14 :  May Allah Almighty Protect You All  !  !   # earthquake  # MirpurAzadKashmir,0.0
725,RT  @ AnnaESmaill :  Water receding Waikanae Beach .  Second trip to higher ground this weird night  # eqnz,0.0
6229," @ TheEllenShow please Ellen, help us sharing this !   # PrayForEcuador  # EcuadorEarthquake  # EcuadorListoYSolidario",0.0
3473,Decorate a Small Bedroom  # AHC  # Construction  # RealEstate  # Highrise  # buildings  # Pakistan  # Islamabad  # Rawalpindi  # Apartments  # Hotels  # Commercial  # Residential  # TeamAHC_01 Trending :   # ImranKhan Becky G  # Malaysia  # BillGates  # CPEC,0.0
1940,"Sad to think that only days ago I was at Ohau, and now it may be destroyed ὢBὉ4  # eqnz",0.0
6605,"RT  @ ReutersIndia :  Major earthquake rocks  # Ecuador, kills at least 41   |  Watch video",3.0
4856,"RT  @ kimbopiaggins :  Dear friends, Oxfam Mexico is responding to the 19 - S earthquake .  Please donate",0.0
141, @  UltraXBT Or an earthquake happens and your fucked and lost at sea lol  . ,0.0
1358,"Please, share this message, its very important for us to get all the help you can give ! ",0.0
2088,"RT  @ BBCBreaking :  Tsunami warning issued after 7 . 1 magnitude earthquake hits off New Zealand, civil defence authorities say",3.0
6609,DONATE to  # Ecuador Red Cross  @ CruzRojaEcuador  @ ammado fundraiser to help earthquake victims by clicking here  Thanks . ,0.0
2487,The area from Seddon to Ward has been checked by helicopters and some damage to electrical transmission poles has been found  # eqnz,3.0
3508,A lot of area damaged due to  # earthquake in  # azadkashmir  # Mirpur May Allah save and protect everyone .  Ameen,3.0
6575,Photos from Ecuador show massive earthquakes devastation :  Rescuers and aid from all over the world are flood,0.0
2702,RT  @ indiaarie :  Sad to hear about the  # earthquake in  # NewZealand  -  TRULY BEAUTIFUL COUNTRY .  TRULY BEAUTIFUL PEOPLE . ,0.0
1437,RT  @ EUintheUS :  Mourning the loss of life from the  # ItalyEarthquake at the EU today .   # terremoto,0.0
6509,"Earthquake Kills 77 in Ecuador, Devastates Coastal Area via NYT",3.0
3260,"Injuries reported after 6 . 3  # earthquake hit along  # Pakistan - India border .  Reportedly, Azad  # Jammu and  # Kashmir are badly effected, as well as Indian occupied Kashmir but no news coming out due to communication blackout imposed by India .  4 died, 50 injured",3.0
1343,RT  @ Rosa_Camm :  Help us People !   # protezionecivile  # prayforItaly  # amatrice  # CentroItalia  # TerremotoItalia,0.0
5796,RT  @ GMA :  Drone footage shows collapsed roadway in Ecuadors largest city after 7 . 8 - magnitude quake : ,3.0
2193,"Remarkably, this is the sum total of  # eqnz damage at our place :  a smashed kina .  Feeling very fortunate . ",3.0
3973,RT  @ Turkey_Istambul :  The issue of Kashmir is not only a matter of  # Pakistan but of the whole Muslim world  # TurkeyPakistanBrotherHood  @ ali,0.0
5462,Comissions taken since today well be part donation to help the rescue teams on Mexico and other cities because of the earthquake !  Thanks ! ,0.0
1151,RT  @ SkyNewsBreak :  Italian authorities say the number of people killed in the earthquake has risen to 290 as bodies continue to be recovered,3.0
3611,"Upset to see imagery of damage resulting from the  # earthquake in Azad Kashmir where casualties and hundreds of injuries have been reported .  As citizens, we must do all we are capable of to assist our brethren in need .  May the suffering families soon find relief ὤF",3.0
6058,RT  @ BuzzFeedNews :  Officials :  The death toll in the Ecuador earthquake is now 77 .  Another 588 are injured . ,3.0
4165,RT  @ DreadThanatos :  I hope everyone is fine in Pakistan .   # earthquake,0.0
6323, (  # Los Del Sonido )  Death Toll in Ecuador Rises to 233 After Earthquake :  Thousands of armed forces personnel were dispatche  (  # Ivan Berroa ) ,3.0
6052,RT  @ KQEDnews :  Hundreds Killed as 7 . 8 Quake Devastates Ecuadors Coast,3.0
3744,"Ya Allah khair, hopes and prayer for everone to stay safe may Allah almighty protect us and  # Mirpur  # earthquake",0.0
3847,May ALLAH help us  !   # earthquake,0.0
4806,RT  @ tiesto :  ❤️❤️ RT  @ 1027KIISFM :  Hero Dog Has Been Rescuing Earthquake Victims in Mexico,0.0
2541,"I cant believe people are asking for specifics  -  IF YOU LIVE ON THE EAST COAST OF NZ, MOVE TO HIGHER GROUND !   # eqnz  # earthquake  # nz",3.0
4557,RT  @ ABC7 :  Mexico earthquake :  LA - based nonprofit COFEM launches fundraiser to help relief efforts,0.0
2164,"Please donate to our special earthquake appeal .  Help your neighbours, friends  &  fellow Kiwis   # eqnz",0.0
4719, @ jenniferniven can u help RT this link with a list of charities to help victims of the  # earthquake in  # Mexico Please ? ,0.0
5627,RT  @ CanadianPM :  Canada sends its deepest condolences to the loved ones of victims of last nights horrific earthquake in Ecuador . ,0.0
5091,Hundreds of cyclists are helping earthquake victims in CDMX My report for  @ cyclingtips Photos by  @ ClaytonTConn,0.0
2958,Broken roads and buckled buildings  -  weve been to one of the towns at the centre of NZ earthquakes for  @ BBCWorld and  @ BBCBreakfast  # eqnz,3.0
3218,"Many roads are damaged in Mirpur after deadly  # earthquake, now to avoid any delays only option left with our Pak Army is to airdrop 500 fighters in  # Kashmir .  I request Pak govt to immediately repair those roads as travelling on road is much cheaper than airdropping mujhahids . ",3.0
3648,Sad news coming from home  :  /  More than 400 people injured and more than 20 casualties reported as a 5 . 8 magnitude earthquake shook Northern Pakistan .   # IJ1920  # JSP1920,3.0
6081,Drone footage reveals full extent of Japan earthquake damage : ,3.0
3483,As more information is coming in about earthquake north of Jhelum in  # Pakistan I regret very much to hear reports from Media and State Disaster management authority on 4 deaths and 100 injured . ,3.0
4440,"Lady Gaga will be donating  $ 1M to relief efforts for Hurricane Harvey, Irma, José, Maria, and the Mexico City earthquake . ",0.0
1002,RT  @ JON_D84 :  Is anyone aware of any local Italian charities helping the earthquake victims  # TerremotoItalia  # ItalyEarthquake  @ Massimiliano5,0.0
6337,Massive earthquake strikes Ecuador killing dozens,3.0
2592,Just what we need .  Rain and gale force winds .   # earthquake  # eqnz,0.0
3325,The place is Kashmir .  EarthQuake happened today .  May Allah protect us .   # SafeEveryOne  # Kashmir  # Earthquake,0.0
2646,Are there tsunami sirens or evacuations happening in Auckland ?  Especially Maraetai and Beachlands ?   # eqnz,3.0
1334,RT  @ PetesWire :  Prayers in  # Bostons  # NorthEnd for the victims of devastating  # ItalyEarthquake .   # FOX25,0.0
4785,"A strong earthquake in Mexico has left more than 200 dead, including 22 children whose bodies were found in a collapsed school . ",3.0
3713,The damage in Mirpur AK .   # earthquake  # BreakingNews,3.0
6554,"RT  @ TheEarthStory :  Collapsed road / bridge here on top of cars from the  # Ecuador  # quake, reminds of the 1989 freeway collapse",3.0
4726,"RT  @ RealGDT :  Tonight, at AGO I will suggest 2 or 3 donation links for Mexicos earthquake relief fund .  I have been -  and will continue -  doi",0.0
2400,Reading that theres a higher chance now of another big earthquake soon isnt comforting + the impending storms !  Stay safe everyone  # eqnz,0.0
5324,RT  @ HumanityRoad :   # MexicoEarthquake Volunteers needed in  # Morelos .   # sismoMX  # hmrd,0.0
3882,Please remember and pray for borthers and sisters who are effected of  # earthquake  .  It was such massive earthquake . ,0.0
6456,RT  @ RitaGonzalezMIA :  My thoughts and prayers for the victims of  # EcuadorEarthquake  .  The world is with you !  Be strong ! ,0.0
6506,Prayers for the victims of Ecuador Earthquake from Pakistan . ,0.0
3561,Yet no strict punishment for rapists and child abusers .  Yet murderers are set free .   # SialkotBrothers  # Salahuddin  # kasurchildren May Allah forgive our sins and help us bring justice in our society .   # earthquake,0.0
4599,"RT  @ BestShawn2 :  The Mendes Army has lost 2 fans today in the earthquake in Mexico ἟2἟D, we send or love and prayers to the families",3.0
183,  #  raining   #  flooding   #  Florida   #  TampaBay   #  Tampa 18 or 19 days  .   I have lost count ,0.0
946,"RT  @ trinlaurel :  I love Italy so much, this is heartbreaking  # PrayForItaly I hope there are no victims",0.0
4855, @ Vikings  @ RandyMoss  # EarthquakeMexico  # VikingsArroundTheWorld How to help earthquake victims in Mexico  @ CNNI,0.0
6435,"RT  @ jamiemosby :  My heart hurts for the victims of the earthquake and their families, keeping Ecuador in my thoughts and prayers",0.0
1101,RT  @ HandShakeVanc :  Yes very very  # sad .   # ItalyEarthquake  # italy  # earthquake  # help,0.0
6390,"RT  @ NBCNews :  BREAKING :  Ecuador earthquake death toll climbs to 233, president says",3.0
3703,Woke up n read the news of  # earthquake may Allah keep us all in his protection  # Kashmir,0.0
2877,"RT  @ Tui_Tech :   # Newshub is on air again now on this mornings M7 . 5 quake  &  tsunami warning, then  # PaulHenry will be on at the earlier time o",3.0
1208,RT  @ CNNnewsroom :   # ItalyEarthquake :  Rescuer trying to comfort woman trapped beneath rubble,0.0
3379,This is insensitive and insulting to the victims of  # earthquake .  Only a heartless  &  ruthless piece of sh *  *  would make fun of such a tragedy .  Shame,0.0
3021,RT  @ ZarbeKaleemi :   @ OfficialDGISPR Thank you  # PakistanArmy for your prompt action for rescuing the victims of earthquake in  # AJK  # earthquake,0.0
723,"RT  @ 1NewsNZ :  Roads, rail and ports :  What you need to know a day after the earthquake : ",0.0
1017,RT  @ 923AmpRadioRico :  8 Year old pulled alive from  # ItalyEarthquake rubble by rescue crews .  Thanks to God alone .  Amazing . ,0.0
5509,RT  @ DavidPapp :  The Mexico City Earthquake Is a Warning for Americans,3.0
3437,"Today’s earthquake has forced me to rethink about how unpredictable life is .  Resting comfortably in my bed one second, rushing out of the house the other .  May Allah bless us all .  Condolences to those affected by this terrifying anger of the land .   # Earthquake  # earthquakeinpak",0.0
352,If I get run over by an ambulance am I lucky  ?     #  justsaying   #  randomthought,0.0
936,reato di disastro colposo some recently built buildings are being investigated for irregularities  # ItalyEarthquake,3.0
6395,Deadly earthquake hits Ecuador :  Ecuadors strongest earthquake in decades kills at least 41 people and causes,3.0
4944,RT  @ Cihuacohuatl :   # Mexico City’s Massive  # Earthquake Leaves Over 200 Dead :  Here’s How to Help  via  @ voguemagazine,3.0
758, # eqnz ChCh Operations Centre now activated fully,0.0
3638, # Mirpur  # AJK  # Earthquake  -  Update  # NDMA  ( 25 SEP  /  1215 hrs )   -  20 PAK Army machines working  -  16 local machines working  -  Pak Armys Medical team to reach today  -  200 family tents  &  kitchen sets to operational today  # PakistanEarthquake  # EarthquakeInPakistan,0.0
4222,Visuals from outside of district headquarter hospital Mirpur .  Thoughts and prayers with those lost lives or injured due to intense  # earthquake Courtesy  @ JammuKashmirTV,0.0
3245,Thanks for raising  # Kashmir issue and supporting  # Pakistan .   # OurVoiceErdogan,0.0
4417,Earthquake Mexico  |  Pray For Mexico  via  @ YouTube  # MexicoQuake  # MexicoCityearthquake  # mexicoearthquake  # MexicoStrong,0.0
4465,"A great way to help victims of Mexicos earthquake is donating to  @ topos , expert rescuers who work to save these trapped under the rubble . ",0.0
3884,"At least 19 people were killed and over 120 others injured on Tuesday after a 5 . 8 - magnitude  # earthquake hit Mirpur district of Pakistan - controlled  # Kashmir, according to local police",3.0
3506,One of my friend once told me Zameen masoom ka khoon maaf nai karti Pray for Everyone ! ὤ7‍♀️  # earthquake  # KashmirUnderThreat,0.0
5790,"Quake kills 272 along devastated Ecuador coast   |  etribune, Sports",3.0
4022,Pakistan Army chief General Bajwa visits areas affected by earthquake  # coasbajwa  # earthquake  # ispr,0.0
330,Experts in France begin examining airplane debris found on Reunion Island  :   French air accident experts on Wedn  .    .    .   ,0.0
1150,The number of people dead because of the earthquakes has gone up to 247 My heart hurts ἞E἟9Ὁ4  # ItalyEarthquake,3.0
3639,RT  @ nailainayat :  The damaged Jatlan road in Mirpur .   # earthquake,3.0
3297,What about IoJK sir ?  We dont know what has happened there ?  Total communication blackout .  Will Indian Army help them ?  How can killers help ?   # earthquake,0.0
4099, # earthquake May Allah ( SWT )  save People a Severe Earthquake cause 50 wounds .  AjK is badly Damage but due to mercy of Allah no one is died until so far . ,3.0
1839,RT  @ corinneambler :  MEDIA RELEASE from  @ NZRedCross  -  Red Cross responding after earthquakes   # eqnz  # NewZealand  # RedCr,0.0
1102,"RT  @ SputnikInt :  URGENT :  Death toll in  # ItalyEarthquake rises to at least 159, officials confirm . ",3.0
6186,Condolences to victims of earthquake in Ecuador from John Kerry . ,0.0
564,"After death of Palestinian toddler in arson
attack Israel cracks down on Jewish",0.0
4054,Situation after earthquake in Jhelum .  Please pray for effected  # earthquake,0.0
1828,RT NelsonTasmanCD Threat downgraded  -  please stay out of the water until it is cancelled .   ^ RL,3.0
1400,RT  @ nfspplay :   # PrayForItaly  # Terremoto  # Earthquake Hoy todos somos Italia .  Today we are all Italy .  ὢ2,0.0
880,RT  @ xinjavaddsarms :  Please everyone donate to 45500 Please Its important Help families Who need it  # PrayForItaly,0.0
6524," @ ZoiePalmer please Zoie, we need to unite in a prayer chain for Ecuador, for this terrible supernatural event .   # PrayForEcuador",0.0
4035,"This is 24 year old Mudasir .  He was fired at by Indian soldiers, before being dragged down a lane by numerous soldiers who brutally beat and tortured him .  This is just one of many cases .   # Kashmir  # Free Kashmir  # KashmirBleeds  # RedForKashmir  # ImpeachTheMF  # India  # Pakistan  # UNGA",0.0
5148,RT  @ francoisvolet :  RT PLEASE  # Earthquake in  # Mexico :   # Juchitan !   # HELP  # DONATE  # SOLIDARITY its the last day and we are almost there,0.0
1064,RT  @ JulofMarseille :  My thoughts and prayers go out to the victims of the earthquake  # ItalyEarthquake .  God bless everyone  !   # loveitaly,0.0
5354,"RT  @ nytimes :  Anxiety pervades Mexico City after the earthquake that killed at least 318 people and damaged 4,000 buildings",3.0
2885,Thoughts and prayers to everyone around the affected areas .  Stay safe !   # eqnz,0.0
410,"ANNIHILATED IN DAMASCUS  :   SYRIAN ARMY GRINDS ALLOOSH AND HIS GANG INTO THE MANURE PILE
",0.0
2667,Im getting major flashbacks from the 2008 movie aftershocks man omg  # eqnz,0.0
5807,RT  @ grabiel_ch :  You can provide real help to the victims of the  # EcuadorEarthquake by donating directly to the Ecuadorean Red Cross :   : ,0.0
3079,Official reports confirms 20 casualties and more than 100 injured .  These images of Property and Infrastructure loss shows the intensity of the  # Earthquake  # EarthquakeinPakistan,3.0
2895, # Queenstown community thoughts are with those  # earthquake affected in  # Wellington  # Christchurch  # Cheviot  # Kaikoura  # NewZealand  # EQNZ,0.0
4327, @ LACo_FD  @ LACoFDPIO  @ searchdogfdn Noses are also for saying hello !  ἟A἟8 dog Tanker greets ἟2἟D dog Maxim .  Both are working on  # MexicoEarthquake /  # FuerzaMéxico response efforts . ,0.0
617,Stay vigilent  .   Civil liberties are under constant attack  .     #  nativehuman   #  myreligion  ,0.0
4792,"After a deadly earthquake hit Mexico, people took to social media to show solidarity  # FuerzaMexico  # FollowtheHashtag By  @ CMachhaus . ",0.0
5614,RT  @ mercealvaro :   # Ecuador  # Quake Death Toll Rises as World Leaders Offer Support  vía  @ business,3.0
1289,Our thoughts are with  # Italy in this difficult time  # earthbrake  # prayforitaly  # ENTER2017,0.0
0,"A 4  .  6 magnitude   #  earthquake occured at 149 km NNW of Tobelo, Indonesia  .   See the full report at  :  … ",1.0
1,"A 2  .  7 magnitude   #  earthquake occured at 18 km E of Naalehu, Hawaii  .   See the full report at  :    ",1.0
6,"A 2  .  2 magnitude   #  earthquake occured at 2 km WSW of Indios, Puerto Rico  .   See the full report at  :  … ",1.0
9,The quake occurred around 13  :  06 p  .  m  .   local time   (  0606 GMT  )    .   The quake was revised down from an initial magnitude of…,1.0
12,"A 5  .  5 magnitude   #  earthquake occured at 143 km NW of Tobelo, Indonesia  .   See the full report at  :  … ",1.0
13,5  .  37 earthquake occurred near Northern Molucca Sea at 08  :  01 UTC  !     #  earthquake   #  NorthernMoluccaSea,1.0
22,4  .  4 earthquake occurred 59km al O de Tongoy at 07  :  29 UTC  !     #  earthquake,1.0
24,"A 2  .  7 magnitude   #  earthquake occured at 24km NNW of Tehachapi, CA  .   See the full report at  :    ",1.0
26,"A 4  .  8 magnitude   #  earthquake occured at 159 km NW of Tobelo, Indonesia  .   See the full report at  :  … ",1.0
27,"A 2  .  0 magnitude   #  earthquake occured at 11km NNW of Cholame, CA  .   See the full report at  :    ",1.0
28,4  .  0 earthquake occurred near Molucca Sea at 07  :  18 UTC  !     #  earthquake   #  MoluccaSea,1.0
29,4  .  5 earthquake occurred near Molucca Sea at 07  :  20 UTC  !     #  earthquake   #  MoluccaSea,1.0
31,"A 2  .  1 magnitude   #  earthquake occured at 67 km N of Petersville, Alaska  .   See the full report at  :  … ",1.0
34,"A 2  .  2 magnitude   #  earthquake occured at 10km SSW of Manton, CA  .   See the full report at  :    ",1.0
37,4  .  8 earthquake occurred near Molucca Sea at 07  :  00 UTC  !     #  earthquake   #  MoluccaSea,1.0
38,"4  .  3 earthquake occurred 66km al SUR de  TECPAN, GRO at 06  :  34 UTC  !     #  earthquake ",1.0
39,4  .  3 earthquake occurred near Molucca Sea at 06  :  52 UTC  !     #  earthquake   #  MoluccaSea,1.0
40,A 2  .  7 magnitude   #  earthquake occured at Puerto Rico  .   See the full report at  : ,1.0
41,4  .  0 earthquake occurred near Molucca Sea at 06  :  42 UTC  !     #  earthquake   #  MoluccaSea,1.0
42,Earthquake,1.0
43,4  .  4 earthquake occurred near Molucca Sea at 06  :  33 UTC  !     #  earthquake   #  MoluccaSea,1.0
44,4  .  2 earthquake occurred near Molucca Sea at 06  :  34 UTC  !     #  earthquake   #  MoluccaSea,1.0
45,4  .  4 earthquake occurred near Molucca Sea at 06  :  28 UTC  !     #  earthquake   #  MoluccaSea,1.0
46,"A 2  .  6 magnitude   #  earthquake occured at 39 km SSE of Cantwell, Alaska  .   See the full report at  :  … ",1.0
47,"M7   #  EARTHQUAKE  !   154 KM NW OF TOBELO, INDONESIA  
DEPTH  :   47  .  994 KM AT 2023  -  0  -  3 1  :  6  :  13  .  707 UTC VIA   @  EQTW ",1.0
48,"A 7  .  0 magnitude   #  earthquake occured at 154 km NW of Tobelo, Indonesia  .   See the full report at  :  … ",1.0
49,4  .  8 earthquake occurred near Molucca Sea at 06  :  21 UTC  !     #  earthquake   #  MoluccaSea,1.0
51,"A 3  .  3 magnitude   #  earthquake occured at 2 km SW of Fern Forest, Hawaii  .   See the full report at  :  … ",1.0
52,4  .  49 earthquake close to New Zealand at 06  :  14 UTC  !     #  earthquake   #  NewZealand,1.0
54,"M7  .  2   #  EARTHQUAKE  !   150 KM NW OF TOBELO, INDONESIA  
DEPTH  :   60 KM AT 2023  -  0  -  3 1  :  6  :  14  .  0 UTC VIA   @  EQTW ",1.0
55,"A 7  .  2 magnitude   #  earthquake occured at 150 km NW of Tobelo, Indonesia  .   See the full report at  :  … ",1.0
57,"M7  .  2   #  EARTHQUAKE  !   MOLUCCA SEA  
DEPTH  :   60  .  4 KM AT 2023  -  0  -  3 1  :  6  :  15  .  0 UTC VIA   @  EQTW ",1.0
58,A 7  .  2 magnitude   #  earthquake occured at Molucca Sea  .   See the full report at  : ,1.0
59,7  .  19 earthquake occurred near Northern Molucca Sea at 06  :  06 UTC  !     #  earthquake   #  NorthernMoluccaSea,1.0
61,"A 2  .  1 magnitude   #  earthquake occured at 59 km WNW of Ninilchik, Alaska  .   See the full report at  :  … ",1.0
65,4  .  7 earthquake occurred 13km E of Tinaga Island at 05  :  00 UTC  !     #  earthquake   #  TinagaIsland,1.0
67,"A 4  .  8 magnitude   #  earthquake occured at southwestern Ryukyu Islands, Japan  .   See the full report at  :  … ",1.0
70,4  .  5 earthquake occurred 12km E of Tinaga Island at 04  :  51 UTC  !     #  earthquake   #  TinagaIsland,1.0
73,"A 5  .  0 magnitude   #  earthquake occured at 96 km SSW of Żurrieq, Malta  .   See the full report at  :    ",1.0
77,"4  .  6 earthquake close to Miyakojima, Okinawa, Japan at 04  :  33 UTC  !     #  earthquake ",1.0
78,4  .  54 earthquake occurred near Central Mediterranean Sea at 04  :  22 UTC  !     #  earthquake   #  CentralMediterraneanSea,1.0
79,"A 2  .  9 magnitude   #  earthquake occured at 3 km S of Guánica, Puerto Rico  .   See the full report at  :  … ",1.0
81,"A 2  .  1 magnitude   #  earthquake occured at 71 km WNW of Happy Valley, Alaska  .   See the full report at  :  … ",1.0
86,"A 2  .  6 magnitude   #  earthquake occured at 2 km W of Meadow Lakes, Alaska  .   See the full report at  :  … ",1.0
88,"A 2  .  5 magnitude   #  earthquake occured at 13 km WSW of Carmen, Oklahoma  .   See the full report at  :  … ",1.0
90,"4  .  2 earthquake close to Miyakojima, Okinawa, Japan at 03  :  26 UTC  !     #  earthquake ",1.0
91,"A 2  .  2 magnitude   #  earthquake occured at 34 km ENE of Tanana, Alaska  .   See the full report at  :    ",1.0
99,"A 4  .  2 magnitude   #  earthquake occured at 5 km S of Santa Bárbara, Guatemala  .   See the full report at  :  … ",1.0
100,"4  .  2 earthquake occurred 5km S of Santa Bárbara, Guatemala at 02  :  20 UTC  !     #  earthquake   #  SantaBárbara ",1.0
105,"A 2  .  1 magnitude   #  earthquake occured at 1 km NW of Cole, Oklahoma  .   See the full report at  :    ",1.0
112,"A 2  .  2 magnitude   #  earthquake occured at 2 km SE of Indios, Puerto Rico  .   See the full report at  :  … ",1.0
123,"A 4  .  6 magnitude   #  earthquake occured at 34 km NE of Mercedes, Philippines  .   See the full report at  :  … ",1.0
126,"4  .  1 earthquake occurred near Luzon, Philippines at 00  :  56 UTC  !     #  earthquake   #  Luzon ",1.0
130,"A 6  .  1 magnitude   #  earthquake occured at 65 km SSE of Gorontalo, Indonesia  .   See the full report at  :  … ",1.0
134,"6  .  3 earthquake occurred near Sulawesi, Indonesia at 00  :  34 UTC  !     #  earthquake   #  Sulawesi ",1.0
136,A 4  .  1 magnitude   #  earthquake occured at off the coast of Central America  .   See the full report at  :  …,1.0
137,"4  .  1 earthquake occurred 57km SW of Jiquilisco, El Salvador at 00  :  20 UTC  !     #  earthquake   #  Jiquilisco ",1.0
139,"A 2  .  8 magnitude   #  earthquake occured at 6 km E of Hennessey, Oklahoma  .   See the full report at  :  … ",1.0
144,"A 2  .  2 magnitude   #  earthquake occured at 5 km WNW of Purcell, Oklahoma  .   See the full report at  :  … ",1.0
153,1  .  43 earthquake occurred near Mount St  .   Helens area Washington at 09  :  36 UTC  !     #  earthquake,1.0
156,1  .  9 earthquake occurred 15km E of Anchorage Alaska at 00  :  11 UTC  !     #  earthquake   #  Anchorage,1.0
157, #  SCSeEstaPreparando Light mag  .   4  .  4 earthquake    -     -   73km SW of Khuzdar Pakistan on Wednes  .    .    .    via   @  volcanodiscover,1.0
159,USGS reports a M1  .  94   #  earthquake 5km S of Volcano Hawaii on 8  /  6  /  15   @   1  :  04  :  01 UTC    #  quake,1.0
164, #  earthquake   (  EMSC  )    :   MD 2  .  9 OFF COAST OF NORTHERN CALIFORNIA  G,1.0
170,1  .  94 earthquake occurred 5km S of Volcano Hawaii at 01  :  04 UTC  !     #  earthquake   #  Volcano,1.0
171,USGS reports a M1  .  94   #  earthquake 5km S of Volcano Hawaii on 8  /  6  /  15   @   1  :  04  :  01 UTC    #  quake,1.0
675,"Another aftershock, this one bigger .   # terremoto  # ItalyEarthquake  # Preci  # Umbria",2.0
704,Small aftershocks here in Arquata as firefighters work  &  locals survivors wait .   # ItalyEarthquake,2.0
733,Still getting a few decent aftershocks  # eqnz,2.0
740,"Boy, these aftershocks are strong  # eqnz",2.0
747,Powerful 7 . 2 magnitude earthquake jolts New Zealand says USGS :  AFP,1.0
748,"Lots of aftershocks in  # NewZealand, Kiwis are very resilient, we can get through this as a nation  # eqnz",2.0
752,These aftershocks are not nice .  .   # eqnz,2.0
754,"More aftershocks !  Come on, man !   ( Hataitai )   # eqnz",2.0
771,RT  @ ohhhpossum :  roughly 60 quakes in the last 4 hours since the quake at midnight  # eqnz,2.0
773,I hope everyone in NZ is okay from all of those aftershocks  :  /   # eqnz,2.0
778,Exhausted after last nights quakes .  Feeling only a little bad for FaceTiming my parents during aftershocks  # SorryMum  # NotABigKidYet  # eqnz,2.0
780,Umm person doing the lawns through aftershocks ὢC # eqnz,2.0
782,"That was a decent wobble, not liking being in an office block for aftershocks   # eqnz",2.0
785,"RT  @ AraCanterbury :  We hope everyone is safe after the earthquake .  All Ara campuses are open, apart from New Brighton .  This campus will stay",2.0
787,these really are drunken sailor aftershocksjust roll on and around  # eqnz,2.0
788,Sleep eluded me even though the aftershocks settled .  Now its time for coffee .   # eqnz,2.0
791,I cant believe weve had a magnitude 7 . 1 earthquake in New Zealand with no reports of seriously damage . ,2.0
796,"So many aftershocks today .  I shouldnt have eaten lunch, feeling quite queasy with each rolling shake  # eqnz",2.0
802,Didnt get any sleep last night .  Still getting aftershocks this morning  # eqnz,2.0
809,"That was a really big shake !  A 7 . 5 just after midnight here in New Zealand, but no damage at home   # eqnz  # earthquake",2.0
811,Ive been awake all night with these bloody aftershocks now cant tell them apart from over - tired wooziness  # eqnz,2.0
812,Some clown was letting off fireworks last night in the Hutt during the tsunami alert Ἰ7Ἰ6 # EQNZ,2.0
831,"Took a tour of Quito Ecuador after the earthquake, not much damage visible # EnjoyTheWholeDay",2.0
844,RT  @ thesecondascent :  7 . 4 magnitude earthquake just hit Ecuador near Esmereldas .  We are currently on the Galápagos Islands and are safe .   # ea,2.0
847,RT  @ humanityfirstuk :  Already 6 aftershocks in  # Ecuador each greater than mag 4 since the 7 . 8 mag  # earthquake last night near Muisne,2.0
